id,first_name,last_name,email,gender,ip_address
1,Babs,Petrashov,bpetrashov0@psu.edu,Female,11.128.186.142
2,Cathryn,Mussolini,cmussolini1@businessinsider.com,Female,34.170.222.179
3,Cash,Marchant,cmarchant2@lulu.com,Polygender,9.156.105.18
4,Nicola,Matteo,nmatteo3@yolasite.com,Genderfluid,137.181.105.184
5,Emlynn,Delafoy,edelafoy4@tuttocitta.it,Female,21.253.156.158
6,Nicolai,Neesham,nneesham5@time.com,Male,126.108.2.40
7,Zaria,Glasscock,zglasscock6@cnet.com,Bigender,203.108.247.194
8,Mercedes,Basilone,mbasilone7@sciencedirect.com,Female,149.7.134.249
9,Phyllis,Meco,pmeco8@alexa.com,Female,148.24.88.123
10,Launce,Wyrill,lwyrill9@fda.gov,Male,53.254.69.152
11,Felic,Flanders,fflandersa@com.com,Male,54.159.250.83
12,Roger,Godly,rgodlyb@miibeian.gov.cn,Male,179.231.160.247
13,Dalli,Nock,dnockc@amazon.de,Male,56.19.207.50
14,Merline,Mumm,mmummd@hugedomains.com,Female,147.65.25.138
15,Cinda,Sargeant,csargeante@bloglines.com,Female,13.57.87.240
16,Emelita,Kelcey,ekelceyf@jimdo.com,Female,250.41.37.106
17,Kat,Romaine,kromaineg@nifty.com,Female,124.223.69.149
18,Gayleen,Lief,gliefh@zimbio.com,Female,100.146.83.94
19,Hillyer,Snoding,hsnodingi@tuttocitta.it,Male,156.5.128.187
20,Marcelline,Cheves,mchevesj@ucsd.edu,Female,119.192.190.207
21,Tucker,Lindermann,tlindermannk@state.tx.us,Male,155.37.194.220
22,Merrile,D'Agostino,mdagostinol@phoca.cz,Female,209.252.140.105
23,Xever,Oakeby,xoakebym@aboutads.info,Male,187.46.32.6
24,Carlota,Smuth,csmuthn@geocities.com,Female,187.199.18.250
25,Georgine,Mayston,gmaystono@mapquest.com,Female,131.141.252.109
26,Toby,Gooder,tgooderp@aboutads.info,Male,112.30.227.63
27,Daffie,Hulme,dhulmeq@plala.or.jp,Polygender,175.23.48.156
28,Teddy,Panswick,tpanswickr@domainmarket.com,Male,82.195.245.215
29,Alphonso,Seawell,aseawells@quantcast.com,Male,3.248.222.110
30,Alix,Cowing,acowingt@howstuffworks.com,Female,58.192.87.246
31,Melany,Mattioni,mmattioniu@dot.gov,Female,213.169.206.27
32,Adrienne,MattiCCI,amatticciv@dot.gov,Female,233.200.55.72
33,Channa,Babin,cbabinw@shareasale.com,Female,9.216.248.167
34,Starr,Kaasman,skaasmanx@odnoklassniki.ru,Agender,76.153.203.208
35,Barrie,Gard,bgardy@indiegogo.com,Female,167.13.141.24
36,Sherwynd,Dargan,sdarganz@home.pl,Male,200.18.12.236
37,Burt,Kimbrey,bkimbrey10@answers.com,Male,178.137.125.245
38,Ekaterina,Clausen-Thue,eclausenthue11@apple.com,Female,64.129.123.200
39,Berenice,Menego,bmenego12@ftc.gov,Female,251.215.85.144
40,Denna,Mathey,dmathey13@etsy.com,Female,229.135.83.119
41,Cornelius,Border,cborder14@google.cn,Agender,6.105.198.86
42,Clarita,Sidary,csidary15@meetup.com,Female,191.159.66.156
43,Petronella,Oldershaw,poldershaw16@fotki.com,Female,33.91.48.65
44,Adelbert,Crosi,acrosi17@dell.com,Male,132.244.251.125
45,Janos,Fawcett,jfawcett18@ebay.com,Male,56.134.238.59
46,Sandi,Novik,snovik19@addthis.com,Female,81.16.170.80
47,Lorain,Mingasson,lmingasson1a@princeton.edu,Female,55.248.55.215
48,Cybil,Schwerin,cschwerin1b@reuters.com,Female,222.2.16.140
49,Onida,Ropp,oropp1c@google.pl,Female,124.208.146.216
50,Audre,Hambly,ahambly1d@usatoday.com,Female,148.253.9.218
51,Kendrick,Colt,kcolt1e@senate.gov,Male,1.29.186.227
52,Gregorio,Binden,gbinden1f@cdbaby.com,Male,104.58.8.58
53,Aubine,Pavelin,apavelin1g@usgs.gov,Female,225.74.251.99
54,Ralina,Arkwright,rarkwright1h@livejournal.com,Female,141.53.10.96
55,Lilli,Durbin,ldurbin1i@youku.com,Female,76.200.123.143
56,Catarina,Ayerst,cayerst1j@uol.com.br,Female,179.191.244.236
57,Kara-lynn,Tonepohl,ktonepohl1k@wix.com,Female,7.123.6.82
58,Glynis,Mulberry,gmulberry1l@meetup.com,Female,24.239.164.72
59,Timmy,Stuckow,tstuckow1m@goo.gl,Male,93.144.99.214
60,Ginevra,Ollcott,gollcott1n@ovh.net,Female,87.115.173.170
61,Torry,Meacher,tmeacher1o@nydailynews.com,Male,240.21.188.91
62,Karyn,Byrom,kbyrom1p@cbsnews.com,Female,94.25.8.129
63,Gipsy,Noye,gnoye1q@youku.com,Female,96.125.82.69
64,Sammie,Aikin,saikin1r@rediff.com,Male,143.178.119.196
65,Dimitry,Forrington,dforrington1s@freewebs.com,Male,77.41.72.60
66,Dolley,Colville,dcolville1t@youku.com,Polygender,69.235.155.240
67,Conney,Kondrat,ckondrat1u@soup.io,Male,154.151.33.115
68,Konrad,Dannohl,kdannohl1v@bloglines.com,Genderfluid,237.196.3.133
69,Veronika,Bowring,vbowring1w@about.me,Polygender,136.143.124.77
70,Corella,Bevington,cbevington1x@drupal.org,Female,56.22.94.2
71,Katrina,Pretsel,kpretsel1y@livejournal.com,Female,114.238.201.74
72,Shepperd,Mulvagh,smulvagh1z@trellian.com,Genderfluid,247.219.20.134
73,Ortensia,Paddeley,opaddeley20@nifty.com,Female,142.59.235.133
74,Eziechiele,Woosnam,ewoosnam21@boston.com,Male,165.23.13.188
75,Findley,Itzakson,fitzakson22@meetup.com,Male,162.80.211.69
76,Jocko,Thoms,jthoms23@imageshack.us,Male,248.19.43.102
77,Billye,Manuelli,bmanuelli24@newyorker.com,Female,146.80.248.31
78,Rand,Speeding,rspeeding25@harvard.edu,Male,59.89.175.80
79,Ellyn,Beauchop,ebeauchop26@comcast.net,Genderqueer,242.95.44.170
80,Horatius,Jakoviljevic,hjakoviljevic27@wired.com,Bigender,67.184.254.233
81,Cam,Maestrini,cmaestrini28@gnu.org,Female,121.65.224.64
82,Darcee,Wardhaugh,dwardhaugh29@microsoft.com,Female,96.253.182.36
83,Earl,Durgan,edurgan2a@furl.net,Male,203.243.5.20
84,North,Pavek,npavek2b@fc2.com,Male,201.213.225.93
85,Chloette,Hanrahan,chanrahan2c@psu.edu,Female,118.89.84.16
86,Simonette,Ghidotti,sghidotti2d@thetimes.co.uk,Female,193.90.224.244
87,Angele,Bellord,abellord2e@princeton.edu,Female,201.96.243.22
88,Hestia,Wiffill,hwiffill2f@instagram.com,Female,111.75.124.202
89,Tillie,Ephgrave,tephgrave2g@sfgate.com,Female,147.147.85.199
90,Amalle,Ryce,aryce2h@umich.edu,Female,222.0.49.49
91,Karlotte,Sima,ksima2i@ucsd.edu,Female,1.103.36.134
92,Donnajean,Drackford,ddrackford2j@storify.com,Female,235.69.248.150
93,Ransell,Duly,rduly2k@harvard.edu,Male,31.131.30.43
94,Terza,Whaplington,twhaplington2l@usatoday.com,Female,95.168.83.227
95,Joey,Matthessen,jmatthessen2m@instagram.com,Male,97.220.238.208
96,Pauletta,Serman,pserman2n@acquirethisname.com,Female,112.189.193.74
97,Ashleigh,Lotterington,alotterington2o@google.com,Female,185.248.182.7
98,Gertie,Husband,ghusband2p@chron.com,Female,190.19.114.200
99,Basile,Gianninotti,bgianninotti2q@rediff.com,Male,129.48.181.163
100,Dalt,Meneyer,dmeneyer2r@acquirethisname.com,Male,43.192.145.15
101,Claybourne,Gadeaux,cgadeaux2s@nymag.com,Male,215.3.128.125
102,Cullin,Kornacki,ckornacki2t@cornell.edu,Bigender,120.125.253.118
103,Karla,Lynes,klynes2u@opera.com,Female,151.68.211.13
104,Gilemette,Bebbell,gbebbell2v@intel.com,Female,244.194.152.228
105,Mathilde,Barendtsen,mbarendtsen2w@indiegogo.com,Female,170.38.52.219
106,Lyndsey,Stonman,lstonman2x@msn.com,Female,242.238.151.161
107,Oliviero,Farey,ofarey2y@vistaprint.com,Male,11.168.183.41
108,Raffaello,Heartfield,rheartfield2z@washingtonpost.com,Male,36.201.140.50
109,Timothea,Pfeffer,tpfeffer30@sakura.ne.jp,Female,9.61.210.199
110,Jeanna,Iceton,jiceton31@rakuten.co.jp,Female,144.183.69.19
111,Natala,Rolse,nrolse32@taobao.com,Female,253.114.48.28
112,Chelsae,Gerson,cgerson33@bravesites.com,Female,186.183.192.106
113,Zeke,Tallyn,ztallyn34@pcworld.com,Male,251.155.25.80
114,Emma,Bale,ebale35@nps.gov,Female,237.4.228.138
115,Vincents,McGaw,vmcgaw36@go.com,Male,30.186.49.13
116,Tremain,Kadd,tkadd37@sohu.com,Male,226.139.200.98
117,Coreen,Ricardon,cricardon38@about.com,Female,1.213.10.241
118,Charo,Habershon,chabershon39@dailymail.co.uk,Female,113.250.197.242
119,Lolly,Cowser,lcowser3a@shop-pro.jp,Female,148.167.18.192
120,Leann,Mandrake,lmandrake3b@chron.com,Female,175.31.245.159
121,Marnia,McKean,mmckean3c@marketwatch.com,Female,216.101.93.34
122,Marita,Horley,mhorley3d@ibm.com,Agender,198.87.118.122
123,Dina,Bottrell,dbottrell3e@nba.com,Female,140.208.41.224
124,Estele,Kerwin,ekerwin3f@webnode.com,Female,65.79.217.167
125,Silvanus,Kaszper,skaszper3g@ibm.com,Male,95.4.91.248
126,Maridel,Collingwood,mcollingwood3h@photobucket.com,Female,82.241.0.170
127,Charity,Bigadike,cbigadike3i@bing.com,Female,168.2.213.255
128,Sophronia,Chasney,schasney3j@webs.com,Female,192.8.173.38
129,Nicky,Floris,nfloris3k@dmoz.org,Male,165.179.234.14
130,Bernardine,McCrackan,bmccrackan3l@imgur.com,Female,201.242.138.186
131,Genni,Tellett,gtellett3m@xrea.com,Female,63.187.219.221
132,Dicky,Dolphin,ddolphin3n@cafepress.com,Male,187.225.184.247
133,Marcello,Rawdales,mrawdales3o@so-net.ne.jp,Male,245.197.221.14
134,Maddie,Adicot,madicot3p@last.fm,Male,179.127.24.135
135,Fonz,Boxhall,fboxhall3q@fastcompany.com,Male,26.246.207.251
136,Martie,Stalman,mstalman3r@nytimes.com,Male,60.146.35.136
137,Xymenes,Van den Hof,xvandenhof3s@soup.io,Male,64.134.39.27
138,Sam,Duhig,sduhig3t@bigcartel.com,Male,238.38.224.144
139,Eran,Dabernott,edabernott3u@rakuten.co.jp,Female,96.248.234.112
140,Kaycee,Sirette,ksirette3v@fema.gov,Female,13.37.90.151
141,Gretchen,Ryle,gryle3w@skyrock.com,Female,194.59.39.50
142,Analise,Ough,aough3x@mashable.com,Genderfluid,242.212.189.38
143,Leoline,Muscat,lmuscat3y@dagondesign.com,Female,207.170.58.219
144,Andy,Copcutt,acopcutt3z@tripod.com,Male,246.226.117.144
145,Allister,Jost,ajost40@hibu.com,Male,105.15.251.48
146,Jerome,Ramsdale,jramsdale41@multiply.com,Male,160.211.75.121
147,Salim,Wainman,swainman42@bbb.org,Male,126.45.235.61
148,Dolli,Caig,dcaig43@guardian.co.uk,Female,250.65.72.173
149,Catlin,Moule,cmoule44@blogtalkradio.com,Female,218.133.205.222
150,Brier,Sollars,bsollars45@tuttocitta.it,Polygender,245.76.185.57
151,Zaneta,Losselyong,zlosselyong46@scientificamerican.com,Female,190.206.208.45
152,Sylvester,Paszek,spaszek47@theguardian.com,Male,217.116.44.15
153,Fabian,D'Agostini,fdagostini48@nhs.uk,Male,82.207.252.64
154,Marena,Pittaway,mpittaway49@cargocollective.com,Female,70.240.210.135
155,Diena,Sebire,dsebire4a@army.mil,Female,76.110.85.186
156,Margo,Narbett,mnarbett4b@nbcnews.com,Polygender,124.124.30.19
157,Carolan,Simoes,csimoes4c@prweb.com,Non-binary,196.174.122.24
158,Lauren,Restieaux,lrestieaux4d@wordpress.org,Male,173.137.192.11
159,Vasilis,Terbeck,vterbeck4e@google.cn,Male,236.53.72.249
160,Michael,Westphalen,mwestphalen4f@hao123.com,Male,169.254.71.191
161,Akim,Hegges,ahegges4g@tiny.cc,Male,187.198.27.11
162,Wendall,Bute,wbute4h@shinystat.com,Male,172.230.106.103
163,Thorstein,Aicken,taicken4i@bing.com,Male,204.153.122.104
164,Roosevelt,Challenor,rchallenor4j@nih.gov,Bigender,112.45.166.35
165,Gib,Marzelle,gmarzelle4k@miitbeian.gov.cn,Bigender,75.95.169.158
166,Sidonnie,Chippendale,schippendale4l@cocolog-nifty.com,Female,87.53.80.98
167,Renaud,Jeppe,rjeppe4m@ovh.net,Male,211.247.53.55
168,Estele,Springford,espringford4n@umn.edu,Female,132.254.165.125
169,Marla,Benzi,mbenzi4o@barnesandnoble.com,Female,242.135.84.219
170,Eberto,Cottingham,ecottingham4p@foxnews.com,Male,202.161.95.225
171,Cole,Barling,cbarling4q@cpanel.net,Male,92.12.199.72
172,Aidan,Vischi,avischi4r@amazon.co.jp,Bigender,101.253.95.170
173,Tirrell,Eckh,teckh4s@hao123.com,Male,10.58.126.188
174,Desmund,McCuaig,dmccuaig4t@marketwatch.com,Male,230.227.123.76
175,Lexy,Slayny,lslayny4u@tamu.edu,Female,231.57.139.76
176,Cyndie,McRae,cmcrae4v@wisc.edu,Female,19.201.246.184
177,Ceil,Odlin,codlin4w@redcross.org,Female,242.46.19.155
178,Corabelle,Pinching,cpinching4x@drupal.org,Female,221.211.89.194
179,Josephine,Jakaway,jjakaway4y@house.gov,Female,226.214.114.60
180,Delaney,Robbie,drobbie4z@boston.com,Male,56.30.101.39
181,Barny,Wingatt,bwingatt50@amazon.de,Male,163.12.5.108
182,Arleen,Pavis,apavis51@sun.com,Female,239.248.185.15
183,Dallas,Lemonby,dlemonby52@mozilla.com,Female,94.55.172.18
184,Levon,Sprigg,lsprigg53@harvard.edu,Male,9.252.164.60
185,Chrystel,Calder,ccalder54@eepurl.com,Female,236.54.249.232
186,Gilbertine,Common,gcommon55@samsung.com,Female,100.198.151.167
187,Percival,Southway,psouthway56@foxnews.com,Male,32.211.76.31
188,Arnoldo,State,astate57@wordpress.com,Male,240.121.134.55
189,Damon,Riddock,driddock58@dropbox.com,Male,64.123.157.233
190,Hertha,Flett,hflett59@example.com,Female,174.251.117.84
191,Elle,Burthom,eburthom5a@cyberchimps.com,Female,199.236.48.44
192,Carline,Davydenko,cdavydenko5b@sogou.com,Female,9.120.98.147
193,Lurline,Drinkhall,ldrinkhall5c@t-online.de,Female,177.198.53.188
194,Ronni,Babidge,rbabidge5d@rakuten.co.jp,Female,184.75.61.164
195,Lurline,Sailes,lsailes5e@youtube.com,Female,135.58.161.241
196,Alvinia,Ruffli,aruffli5f@addtoany.com,Female,7.141.212.206
197,Leopold,Harmson,lharmson5g@amazon.com,Male,189.135.127.239
198,Fulton,Blazeby,fblazeby5h@mashable.com,Male,158.7.151.162
199,Kristal,Bayley,kbayley5i@constantcontact.com,Female,83.191.168.244
200,Carree,MacCall,cmaccall5j@accuweather.com,Female,125.55.85.175
201,Raynor,Uglow,ruglow5k@aol.com,Male,243.42.22.122
202,Myra,Romain,mromain5l@cbc.ca,Female,95.11.136.56
203,Teodoor,Villaron,tvillaron5m@whitehouse.gov,Male,83.120.169.119
204,Mattie,Turney,mturney5n@elegantthemes.com,Female,228.94.241.249
205,Brande,Winkle,bwinkle5o@si.edu,Agender,214.58.94.6
206,Park,Heard,pheard5p@accuweather.com,Male,125.95.175.151
207,Fons,Atteridge,fatteridge5q@seesaa.net,Male,88.137.49.239
208,Jedediah,Godon,jgodon5r@unicef.org,Male,96.78.162.136
209,Roarke,Filpi,rfilpi5s@sciencedirect.com,Male,16.93.147.2
210,Kirbie,Barkus,kbarkus5t@dailymotion.com,Female,114.211.216.116
211,Valentina,McCaster,vmccaster5u@tripadvisor.com,Non-binary,255.148.11.22
212,Rock,Chamberlaine,rchamberlaine5v@cmu.edu,Male,111.71.160.44
213,Jordan,MacKaig,jmackaig5w@ftc.gov,Male,47.95.141.214
214,Alexine,Core,acore5x@foxnews.com,Female,220.202.100.7
215,Weston,Bentall,wbentall5y@weibo.com,Male,115.246.215.195
216,Vassili,Huzzay,vhuzzay5z@furl.net,Male,184.77.199.177
217,Ezri,Diegan,ediegan60@linkedin.com,Genderqueer,140.167.11.107
218,Kendricks,Warrick,kwarrick61@friendfeed.com,Male,235.181.56.26
219,Si,Warters,swarters62@php.net,Male,95.190.92.221
220,Doroteya,Gerring,dgerring63@sciencedirect.com,Female,51.210.134.89
221,Eddie,Cristofano,ecristofano64@biglobe.ne.jp,Male,124.166.130.206
222,Nickolai,Petrik,npetrik65@sogou.com,Male,63.190.145.65
223,Antonino,Ackenson,aackenson66@rambler.ru,Genderfluid,66.6.194.28
224,Pancho,Legier,plegier67@google.com,Male,167.171.183.69
225,Alisha,Casale,acasale68@behance.net,Bigender,186.246.52.199
226,Candie,Yeskov,cyeskov69@wiley.com,Female,187.109.38.208
227,Diahann,Origan,dorigan6a@tripod.com,Female,30.160.152.38
228,Ebonee,Reven,ereven6b@amazon.co.jp,Female,153.247.67.96
229,Lenard,Jozefiak,ljozefiak6c@cnbc.com,Male,74.47.42.85
230,Heall,Lowten,hlowten6d@prnewswire.com,Male,6.47.9.237
231,Riki,Leppard,rleppard6e@wix.com,Female,230.200.86.165
232,Ezechiel,Brugemann,ebrugemann6f@addtoany.com,Male,75.166.10.34
233,Caz,Klementz,cklementz6g@yelp.com,Male,39.41.102.66
234,Ricardo,Gorioli,rgorioli6h@taobao.com,Male,53.74.152.8
235,Allen,Sutlieff,asutlieff6i@bluehost.com,Male,62.106.225.194
236,Alard,Moffat,amoffat6j@linkedin.com,Male,143.99.23.60
237,Hadlee,Souness,hsouness6k@washingtonpost.com,Male,65.68.148.17
238,Karly,Caskey,kcaskey6l@digg.com,Female,165.183.213.136
239,Zahara,Morrow,zmorrow6m@furl.net,Female,8.216.170.53
240,Lavina,Chaise,lchaise6n@elpais.com,Female,190.191.89.179
241,Pietro,Marking,pmarking6o@mediafire.com,Male,200.214.14.156
242,Chev,Horsburgh,chorsburgh6p@sciencedirect.com,Male,12.226.159.254
243,Sibella,Sillett,ssillett6q@weather.com,Female,249.199.121.187
244,Germaine,Barnaclough,gbarnaclough6r@cocolog-nifty.com,Male,165.31.240.112
245,Dukie,Stanmer,dstanmer6s@goo.gl,Male,168.59.130.205
246,Linette,Martusov,lmartusov6t@qq.com,Female,208.58.64.204
247,Jocelyne,Raynard,jraynard6u@google.cn,Non-binary,79.12.159.13
248,Ingamar,Barensky,ibarensky6v@nbcnews.com,Male,109.16.39.109
249,Caren,Josovitz,cjosovitz6w@stanford.edu,Polygender,4.14.30.181
250,Whitaker,Capner,wcapner6x@trellian.com,Male,91.210.204.40
251,Vida,Pluvier,vpluvier6y@sina.com.cn,Female,206.172.109.108
252,Annamaria,Olivera,aolivera6z@hubpages.com,Genderfluid,22.180.208.164
253,Dur,McLagan,dmclagan70@rediff.com,Male,241.12.50.206
254,Karyn,Arrigo,karrigo71@theglobeandmail.com,Polygender,224.237.68.221
255,Cortie,Waye,cwaye72@so-net.ne.jp,Male,156.72.198.187
256,Barny,Olyet,bolyet73@berkeley.edu,Male,22.77.136.44
257,Susy,Balbeck,sbalbeck74@meetup.com,Female,199.46.50.102
258,Barri,Drinan,bdrinan75@princeton.edu,Male,9.233.75.166
259,Rudie,Teodoro,rteodoro76@tiny.cc,Male,63.86.107.122
260,Honor,Fountian,hfountian77@list-manage.com,Female,68.23.243.138
261,Husein,Charlson,hcharlson78@statcounter.com,Genderfluid,89.217.119.121
262,Kelsey,Neiland,kneiland79@nytimes.com,Male,24.65.104.42
263,Jennee,Simionescu,jsimionescu7a@unesco.org,Female,38.116.223.95
264,Hebert,McGroarty,hmcgroarty7b@php.net,Male,252.26.166.66
265,Elnora,Haggith,ehaggith7c@creativecommons.org,Female,232.216.227.81
266,Kamilah,Sidey,ksidey7d@geocities.com,Female,218.147.19.119
267,Cyndi,Popping,cpopping7e@eepurl.com,Female,22.233.168.138
268,Merline,Lavender,mlavender7f@nifty.com,Female,179.232.0.23
269,Davis,Geroldo,dgeroldo7g@woothemes.com,Male,87.210.43.13
270,Reine,Leeder,rleeder7h@wordpress.org,Female,15.96.93.113
271,Martino,Boyse,mboyse7i@weibo.com,Male,97.13.209.156
272,Uri,Moreinis,umoreinis7j@cargocollective.com,Male,86.44.242.0
273,Justinn,Wragge,jwragge7k@google.de,Female,11.235.110.215
274,Ernie,Grundwater,egrundwater7l@springer.com,Male,255.131.136.128
275,Kikelia,Drury,kdrury7m@woothemes.com,Female,106.107.60.32
276,Michaella,Grafhom,mgrafhom7n@blinklist.com,Female,165.210.192.169
277,Bevin,De Mattei,bdemattei7o@google.es,Male,3.88.184.188
278,Christos,McLanachan,cmclanachan7p@bbb.org,Agender,86.111.94.152
279,Nora,Limpenny,nlimpenny7q@github.com,Female,248.99.248.7
280,Lukas,Bielfelt,lbielfelt7r@wordpress.org,Agender,216.128.66.156
281,Wadsworth,Winkworth,wwinkworth7s@addtoany.com,Male,154.241.199.238
282,Yolane,Liverseege,yliverseege7t@google.pl,Female,227.41.116.2
283,Ogdon,Challen,ochallen7u@topsy.com,Polygender,94.13.214.151
284,Rosemarie,de Courcy,rdecourcy7v@sourceforge.net,Female,142.126.229.48
285,Brandyn,Merrgen,bmerrgen7w@hud.gov,Male,217.34.21.49
286,Hamel,Antunez,hantunez7x@t.co,Male,97.241.135.205
287,Rowan,Gritsaev,rgritsaev7y@deviantart.com,Male,128.28.230.32
288,Abner,Farncombe,afarncombe7z@aol.com,Male,20.132.187.33
289,Gregory,Chin,gchin80@columbia.edu,Male,205.251.231.82
290,Alexandros,Follin,afollin81@bluehost.com,Male,166.177.167.245
291,Monty,McGeaney,mmcgeaney82@eventbrite.com,Male,64.228.94.220
292,Chet,Lavis,clavis83@disqus.com,Male,81.218.160.70
293,Hamid,Tuckey,htuckey84@si.edu,Male,75.244.117.148
294,Gran,Van Halle,gvanhalle85@reverbnation.com,Male,69.141.240.39
295,Teriann,Hemerijk,themerijk86@reverbnation.com,Female,123.130.199.61
296,Lannie,Backshell,lbackshell87@amazon.com,Male,173.186.51.77
297,Abbey,Danhel,adanhel88@parallels.com,Female,53.32.179.86
298,Maudie,Winspeare,mwinspeare89@symantec.com,Female,128.211.188.54
299,Rene,Sayles,rsayles8a@springer.com,Male,87.239.90.238
300,Celle,Beedon,cbeedon8b@wsj.com,Female,22.247.64.246
301,Wilona,Neely,wneely8c@virginia.edu,Female,178.89.197.232
302,Miguelita,Franke,mfranke8d@usa.gov,Female,80.92.38.41
303,Emmit,Berndtssen,eberndtssen8e@abc.net.au,Male,17.175.49.25
304,Chrisy,McGarva,cmcgarva8f@gov.uk,Male,181.34.38.61
305,Harlin,Loughney,hloughney8g@merriam-webster.com,Male,65.58.234.89
306,Woody,Crimpe,wcrimpe8h@yellowbook.com,Male,12.57.58.197
307,Shaine,Robathon,srobathon8i@ustream.tv,Male,231.89.171.106
308,Spence,Boggish,sboggish8j@cam.ac.uk,Male,122.249.1.15
309,Dallas,Sisey,dsisey8k@theguardian.com,Female,107.48.91.199
310,Duffie,MacNockater,dmacnockater8l@usgs.gov,Male,245.255.110.111
311,Cos,Blowfelde,cblowfelde8m@dedecms.com,Male,114.81.19.207
312,Janith,Christiensen,jchristiensen8n@netvibes.com,Non-binary,64.84.101.78
313,Waiter,Copes,wcopes8o@eepurl.com,Male,252.155.221.59
314,Symon,Kingzeth,skingzeth8p@theguardian.com,Male,145.207.122.201
315,Bo,McCafferty,bmccafferty8q@shinystat.com,Male,153.198.232.92
316,Jinny,Gamlin,jgamlin8r@livejournal.com,Bigender,113.53.215.181
317,Seymour,Heaford,sheaford8s@webmd.com,Male,66.170.133.228
318,Cherri,De Zamudio,cdezamudio8t@liveinternet.ru,Genderqueer,89.93.92.49
319,Lauren,Kleinfeld,lkleinfeld8u@bluehost.com,Male,88.151.20.140
320,Elianora,Zavattari,ezavattari8v@nps.gov,Female,109.118.156.59
321,Louie,Tapp,ltapp8w@pbs.org,Male,173.13.36.211
322,Marsha,Forryan,mforryan8x@eepurl.com,Female,234.141.115.53
323,Erv,Kean,ekean8y@slashdot.org,Genderfluid,193.69.165.239
324,Caitrin,Naisbet,cnaisbet8z@sogou.com,Female,38.125.139.188
325,Kizzie,Jedrzejczyk,kjedrzejczyk90@livejournal.com,Female,71.172.187.51
326,Halsy,Simone,hsimone91@indiatimes.com,Male,131.189.104.6
327,Robbin,Moxsom,rmoxsom92@over-blog.com,Female,83.215.120.157
328,Ronny,O'Sharkey,rosharkey93@feedburner.com,Male,24.109.205.185
329,Happy,Oxbrough,hoxbrough94@123-reg.co.uk,Female,147.74.153.67
330,Ansell,Cheeld,acheeld95@studiopress.com,Male,0.82.10.245
331,Fleurette,Doghartie,fdoghartie96@state.gov,Female,235.244.155.167
332,Sherill,Defond,sdefond97@amazon.co.uk,Genderqueer,165.97.96.137
333,Boy,Bath,bbath98@altervista.org,Male,26.194.176.19
334,Kalindi,Shrimpton,kshrimpton99@mapquest.com,Female,142.134.234.16
335,Vincent,Culvey,vculvey9a@alibaba.com,Male,215.201.92.246
336,Josee,McKue,jmckue9b@fotki.com,Female,135.209.68.170
337,Tomlin,Soloway,tsoloway9c@prlog.org,Male,253.71.249.2
338,Fitz,Lyngsted,flyngsted9d@github.io,Male,189.142.126.86
339,Issi,Markushkin,imarkushkin9e@bigcartel.com,Female,148.203.31.176
340,Christiana,Aldins,caldins9f@imageshack.us,Female,52.54.178.51
341,Ricky,Rowly,rrowly9g@rediff.com,Non-binary,224.133.39.146
342,Louisa,Veracruysse,lveracruysse9h@elpais.com,Female,117.233.147.234
343,Hillard,Brader,hbrader9i@nifty.com,Male,28.92.4.253
344,Reggis,Kleinfeld,rkleinfeld9j@google.de,Male,211.106.9.23
345,Arleen,Ferres,aferres9k@princeton.edu,Female,250.215.216.15
346,Garey,Butterick,gbutterick9l@arizona.edu,Male,204.174.104.102
347,Willamina,Alger,walger9m@shop-pro.jp,Female,83.252.191.172
348,Kathye,Patsall,kpatsall9n@businessinsider.com,Female,117.55.249.86
349,Avery,Pughsley,apughsley9o@bloglines.com,Bigender,61.222.220.178
350,Port,Leivers,pleivers9p@foxnews.com,Male,18.170.85.68
351,Kenny,Rickesies,krickesies9q@ameblo.jp,Male,151.179.235.31
352,Kristal,Scragg,kscragg9r@soup.io,Female,12.125.166.51
353,Nikolas,Medlin,nmedlin9s@fotki.com,Male,67.127.209.114
354,Harley,Cicchetto,hcicchetto9t@webnode.com,Female,37.199.219.217
355,Deloris,MacAnelley,dmacanelley9u@bluehost.com,Female,19.135.209.110
356,Walden,O'Docherty,wodocherty9v@infoseek.co.jp,Male,134.36.9.154
357,Wynny,Artiss,wartiss9w@ihg.com,Female,148.138.132.37
358,Lesly,Lorkings,llorkings9x@goo.gl,Female,183.12.57.19
359,Jena,Grafton-Herbert,jgraftonherbert9y@yahoo.com,Bigender,98.198.45.48
360,Isobel,Poveleye,ipoveleye9z@cnbc.com,Female,246.64.223.147
361,Davine,Ritch,dritcha0@deviantart.com,Female,104.181.238.30
362,Sadella,Martynov,smartynova1@businessinsider.com,Female,212.156.0.25
363,Mandi,Vequaud,mvequauda2@newsvine.com,Polygender,168.191.254.245
364,Karoline,Dayment,kdaymenta3@gov.uk,Female,16.14.155.97
365,Jinny,Bence,jbencea4@bbc.co.uk,Female,16.24.95.195
366,Tamma,Boodle,tboodlea5@stumbleupon.com,Female,107.4.89.178
367,Rebekah,De Launde,rdelaundea6@goo.ne.jp,Female,171.252.36.44
368,Tania,Iacovielli,tiacoviellia7@fda.gov,Female,143.197.13.128
369,Dacia,Welband,dwelbanda8@census.gov,Female,217.79.54.179
370,Mendie,Hoodlass,mhoodlassa9@oracle.com,Polygender,221.133.72.150
371,Morse,Bramwell,mbramwellaa@berkeley.edu,Male,46.139.112.47
372,Vasily,McDougall,vmcdougallab@wisc.edu,Male,180.126.139.5
373,Corabel,Orts,cortsac@digg.com,Female,223.192.241.240
374,Bennett,Hacon,bhaconad@liveinternet.ru,Male,234.61.137.3
375,Michaella,Wilds,mwildsae@archive.org,Female,191.2.204.142
376,Perry,Andreasen,pandreasenaf@walmart.com,Male,224.131.187.7
377,Hewet,Culmer,hculmerag@ow.ly,Male,119.116.109.112
378,Heinrik,Sammonds,hsammondsah@stanford.edu,Male,8.64.229.226
379,Franchot,Cuesta,fcuestaai@xrea.com,Male,210.68.213.187
380,Sammy,Monaghan,smonaghanaj@hhs.gov,Male,4.6.109.188
381,Jerald,Chiese,jchieseak@yahoo.com,Male,190.204.117.219
382,Anstice,Garnett,agarnettal@blogger.com,Female,46.80.247.234
383,Rudolf,Maun,rmaunam@ocn.ne.jp,Polygender,19.75.146.86
384,Gwenora,Joinson,gjoinsonan@w3.org,Female,97.33.36.236
385,Ola,Hallibone,ohalliboneao@cornell.edu,Female,120.246.231.157
386,Allyn,Strugnell,astrugnellap@apple.com,Male,250.239.90.92
387,Nissie,Davidge,ndavidgeaq@github.com,Female,135.243.2.200
388,Abdel,Turville,aturvillear@pinterest.com,Male,184.102.211.81
389,Gunther,Kelso,gkelsoas@stanford.edu,Male,99.35.254.175
390,Liliane,Redford,lredfordat@booking.com,Female,235.68.230.152
391,Gun,Brumbye,gbrumbyeau@china.com.cn,Male,200.206.196.149
392,Keri,Denham,kdenhamav@parallels.com,Female,254.103.32.83
393,Jacky,Samwayes,jsamwayesaw@people.com.cn,Female,242.55.190.156
394,Donnie,Drabble,ddrabbleax@who.int,Female,65.139.220.38
395,Saundra,Whitemarsh,swhitemarshay@nasa.gov,Male,223.48.14.180
396,Clayson,Lambden,clambdenaz@blogtalkradio.com,Male,152.136.220.50
397,Ulrike,Macy,umacyb0@weather.com,Female,27.115.86.164
398,Alena,Elman,aelmanb1@go.com,Female,238.116.208.204
399,Abagail,Conybear,aconybearb2@epa.gov,Female,123.67.209.84
400,Bing,Gunningham,bgunninghamb3@sogou.com,Male,196.64.53.203
401,Tessi,Craddy,tcraddyb4@go.com,Female,8.139.28.14
402,Malory,Roper,mroperb5@gizmodo.com,Non-binary,99.225.97.253
403,Rosaleen,Dorney,rdorneyb6@arizona.edu,Female,95.34.245.162
404,Curtice,Swancott,cswancottb7@barnesandnoble.com,Male,117.68.189.232
405,Gustavus,Hrinishin,ghrinishinb8@fc2.com,Male,152.235.15.214
406,Chalmers,Favelle,cfavelleb9@princeton.edu,Male,209.70.177.142
407,Tracee,Minthorpe,tminthorpeba@reddit.com,Female,206.127.86.45
408,Dewitt,Gingles,dginglesbb@sina.com.cn,Male,92.211.141.78
409,Meghan,Thoresbie,mthoresbiebc@linkedin.com,Female,83.136.123.135
410,Vanya,Perrone,vperronebd@usnews.com,Female,161.230.187.231
411,Adair,Scotfurth,ascotfurthbe@ifeng.com,Male,190.99.0.38
412,Carmelia,Bondley,cbondleybf@123-reg.co.uk,Female,39.215.183.255
413,Esteban,Pott,epottbg@intel.com,Male,23.182.230.142
414,Lynnelle,Hune,lhunebh@blogger.com,Female,118.44.157.6
415,Candy,Caile,ccailebi@odnoklassniki.ru,Polygender,210.226.53.12
416,Sheryl,Extance,sextancebj@tinyurl.com,Female,93.244.251.227
417,Marshal,Chidgey,mchidgeybk@jimdo.com,Male,123.210.8.149
418,Jeramey,Timbrell,jtimbrellbl@topsy.com,Male,218.231.126.214
419,Kermy,O'Noland,konolandbm@abc.net.au,Male,44.38.49.46
420,Torry,Rosthorn,trosthornbn@nifty.com,Male,127.147.124.111
421,Sabine,Dioniso,sdionisobo@independent.co.uk,Female,30.218.199.241
422,Marchelle,Bellerby,mbellerbybp@engadget.com,Female,147.19.128.122
423,Baxter,Timlett,btimlettbq@yandex.ru,Male,28.235.128.111
424,Linn,Dotterill,ldotterillbr@google.com,Male,125.252.207.30
425,Kin,Ough,koughbs@domainmarket.com,Male,7.167.161.19
426,Armando,Frantz,afrantzbt@ftc.gov,Male,36.59.0.209
427,Billi,Jarlmann,bjarlmannbu@gizmodo.com,Female,8.226.119.135
428,Paige,Toppin,ptoppinbv@ameblo.jp,Female,56.251.56.79
429,Kele,Shelly,kshellybw@vimeo.com,Male,54.199.190.39
430,Rafaello,Creeboe,rcreeboebx@smh.com.au,Male,18.200.35.55
431,Shaine,Goodwin,sgoodwinby@merriam-webster.com,Male,33.156.223.22
432,Abrahan,Varker,avarkerbz@icq.com,Agender,135.203.114.92
433,Alvie,Abyss,aabyssc0@msn.com,Male,208.166.81.237
434,Vilma,Trenholme,vtrenholmec1@booking.com,Polygender,56.254.200.233
435,Annissa,Whayman,awhaymanc2@mediafire.com,Bigender,163.2.228.155
436,Alford,Baiyle,abaiylec3@ask.com,Male,5.142.216.138
437,Theresa,Vayne,tvaynec4@furl.net,Female,72.57.88.124
438,Benetta,Abdie,babdiec5@europa.eu,Female,72.221.210.122
439,Anna-maria,Wheelan,awheelanc6@macromedia.com,Female,217.226.34.179
440,Ailina,Baroche,abarochec7@arstechnica.com,Female,164.201.241.78
441,Johnathon,Gimeno,jgimenoc8@angelfire.com,Male,75.206.174.1
442,Carmine,Jesper,cjesperc9@senate.gov,Polygender,100.68.127.99
443,Carleton,Crookall,ccrookallca@bluehost.com,Genderfluid,122.2.97.98
444,Elaine,Hand,ehandcb@g.co,Female,130.31.199.49
445,Trace,Vala,tvalacc@so-net.ne.jp,Male,189.59.137.175
446,Meghan,Littler,mlittlercd@ebay.co.uk,Female,138.92.6.122
447,Chryste,Glenwright,cglenwrightce@deliciousdays.com,Female,185.49.233.95
448,Raphaela,Barradell,rbarradellcf@nps.gov,Female,185.155.148.143
449,Dorian,Coales,dcoalescg@businessweek.com,Female,101.86.185.32
450,Lolita,Giacomuzzo,lgiacomuzzoch@harvard.edu,Female,192.232.131.238
451,Reuven,Fitzroy,rfitzroyci@independent.co.uk,Male,234.2.13.125
452,Sherm,Shale,sshalecj@barnesandnoble.com,Male,194.58.65.158
453,Arlan,Mewton,amewtonck@gov.uk,Male,146.107.230.186
454,Ferd,Sprackling,fspracklingcl@tripadvisor.com,Male,63.2.115.213
455,Rafferty,McAvaddy,rmcavaddycm@wufoo.com,Male,102.60.57.108
456,Silvester,Ellershaw,sellershawcn@unesco.org,Polygender,77.230.226.96
457,Levy,Huckstepp,lhucksteppco@merriam-webster.com,Male,236.46.84.199
458,Kimberlee,Gauthorpp,kgauthorppcp@elegantthemes.com,Female,196.57.3.96
459,Roxy,Foley,rfoleycq@people.com.cn,Female,185.192.75.167
460,Hurley,Rosekilly,hrosekillycr@epa.gov,Male,133.14.59.199
461,Alfons,Elbourn,aelbourncs@phoca.cz,Male,179.134.42.92
462,Meagan,Boughtwood,mboughtwoodct@upenn.edu,Female,141.73.213.190
463,Allyce,MacKegg,amackeggcu@cdc.gov,Female,35.200.237.88
464,Hana,Wessel,hwesselcv@mac.com,Non-binary,27.93.100.73
465,Doug,Sharphouse,dsharphousecw@tripod.com,Male,163.227.122.125
466,Verene,Dorset,vdorsetcx@over-blog.com,Bigender,217.148.112.217
467,Andromache,Anger,aangercy@list-manage.com,Female,16.86.198.222
468,Rosalia,Du Hamel,rduhamelcz@cyberchimps.com,Female,22.35.253.52
469,Izaak,Anan,ianand0@psu.edu,Male,165.46.108.177
470,Nessa,Keough,nkeoughd1@shinystat.com,Female,248.211.206.74
471,Anthea,Eagleston,aeaglestond2@list-manage.com,Female,89.185.33.141
472,Randell,Anning,ranningd3@ft.com,Bigender,99.53.141.141
473,Lucine,Malmar,lmalmard4@w3.org,Non-binary,17.163.242.202
474,Donnell,Skala,dskalad5@google.ca,Male,170.84.96.10
475,Maurie,Minchinden,mminchindend6@java.com,Male,69.128.95.50
476,Brunhilda,Vigours,bvigoursd7@bloglovin.com,Female,193.243.226.61
477,Ruben,Versey,rverseyd8@jalbum.net,Male,103.197.237.195
478,Brandtr,de Najera,bdenajerad9@springer.com,Male,194.165.9.137
479,Cleo,Pittford,cpittfordda@hhs.gov,Female,204.119.145.235
480,Petronille,Simister,psimisterdb@4shared.com,Female,14.77.101.29
481,Zackariah,Dawley,zdawleydc@bing.com,Male,218.129.164.191
482,Tania,Woller,twollerdd@gov.uk,Female,125.32.229.127
483,Pepe,Herion,pherionde@samsung.com,Male,240.245.182.250
484,Ulla,McGurgan,umcgurgandf@fema.gov,Bigender,8.164.53.138
485,Ambrosio,Pacheco,apachecodg@1688.com,Male,99.203.170.78
486,Ortensia,Laweles,olawelesdh@unc.edu,Female,9.54.53.118
487,Collen,Goodbarne,cgoodbarnedi@noaa.gov,Female,13.134.231.189
488,Stephanie,O'Leary,solearydj@domainmarket.com,Non-binary,105.104.17.145
489,Feliks,Gianullo,fgianullodk@webeden.co.uk,Genderfluid,113.183.190.43
490,Grata,Stealy,gstealydl@google.co.uk,Female,27.110.247.148
491,Jacqueline,Chadbourne,jchadbournedm@biblegateway.com,Female,171.134.114.126
492,Filia,Pettiford,fpettiforddn@miibeian.gov.cn,Female,167.227.150.155
493,Wainwright,Amery,wamerydo@indiegogo.com,Male,17.75.117.100
494,Elora,Rogier,erogierdp@desdev.cn,Agender,101.177.170.131
495,Itch,Claiton,iclaitondq@posterous.com,Male,94.207.125.95
496,Edie,Meins,emeinsdr@blogtalkradio.com,Female,137.72.48.253
497,Dorry,Stiggers,dstiggersds@cbsnews.com,Female,245.9.245.194
498,Enrico,Dymidowski,edymidowskidt@cdc.gov,Male,186.126.137.135
499,Jameson,Lamberts,jlambertsdu@mtv.com,Male,12.21.178.92
500,Lauryn,Riha,lrihadv@cloudflare.com,Female,240.239.35.228
501,Mauricio,Scurlock,mscurlockdw@wordpress.com,Male,41.236.112.72
502,Alanah,Slaten,aslatendx@eventbrite.com,Female,23.226.239.29
503,Therese,Mettetal,tmettetaldy@symantec.com,Female,189.147.97.232
504,Carlee,Itzkovici,citzkovicidz@github.io,Female,196.63.195.215
505,Jimmie,Ugo,jugoe0@whitehouse.gov,Male,36.229.195.91
506,Candida,Longcaster,clongcastere1@cbsnews.com,Female,129.123.67.134
507,Janette,Faunch,jfaunche2@reference.com,Female,5.55.227.80
508,Davine,MacKeeg,dmackeege3@w3.org,Female,28.82.67.184
509,Allister,Shakle,ashaklee4@cyberchimps.com,Male,63.31.58.252
510,Hailey,Cathcart,hcathcarte5@typepad.com,Male,69.169.42.67
511,Blisse,Clethro,bclethroe6@creativecommons.org,Female,145.158.78.58
512,Lou,Cadlock,lcadlocke7@yandex.ru,Male,47.199.105.163
513,Tessi,Rigglesford,trigglesforde8@trellian.com,Female,223.136.72.187
514,Aymer,Winfindine,awinfindinee9@forbes.com,Male,162.170.120.20
515,Perry,Castagne,pcastagneea@artisteer.com,Female,67.40.249.7
516,Danit,Wooderson,dwoodersoneb@ifeng.com,Female,45.57.116.60
517,Hermy,Lorinez,hlorinezec@ehow.com,Polygender,235.76.201.156
518,Doloritas,Tonkinson,dtonkinsoned@gizmodo.com,Female,108.168.170.79
519,Andrey,McGillreich,amcgillreichee@opera.com,Male,125.114.237.156
520,Esma,Nockells,enockellsef@howstuffworks.com,Female,38.218.213.252
521,Ches,Woodwind,cwoodwindeg@go.com,Male,100.11.202.204
522,Gilly,Waters,gwaterseh@e-recht24.de,Female,208.195.162.170
523,King,Northfield,knorthfieldei@meetup.com,Male,139.185.90.3
524,Lissa,Burnep,lburnepej@dailymail.co.uk,Female,245.174.56.217
525,Remy,Durno,rdurnoek@opensource.org,Female,236.157.222.160
526,Celene,Davies,cdaviesel@umich.edu,Female,237.60.17.74
527,Stephani,Hoyt,shoytem@umn.edu,Female,210.194.111.72
528,Janka,Pideon,jpideonen@twitter.com,Female,48.155.8.126
529,Patin,Enden,pendeneo@lycos.com,Male,243.210.206.64
530,Evelin,Shurrocks,eshurrocksep@amazon.com,Male,190.242.251.83
531,Tracee,O'Cullinane,tocullinaneeq@ucoz.ru,Female,59.218.167.62
532,Charlean,Ebbers,cebberser@list-manage.com,Female,249.215.180.155
533,Ellette,Creeghan,ecreeghanes@hubpages.com,Female,52.43.197.149
534,Milzie,Ravenscroftt,mravenscrofttet@amazon.com,Female,4.60.25.96
535,Gloriana,Bonin,gbonineu@webmd.com,Female,34.230.111.192
536,Augusto,Norres,anorresev@usda.gov,Male,53.49.190.235
537,Archibald,Pavyer,apavyerew@weibo.com,Male,208.251.63.2
538,Allyn,Furlow,afurlowex@homestead.com,Male,229.241.6.156
539,Buffy,Tunder,btunderey@irs.gov,Agender,217.149.112.148
540,Maddie,Vlach,mvlachez@godaddy.com,Male,15.120.39.168
541,Boonie,Maase,bmaasef0@answers.com,Male,152.164.37.30
542,Reinwald,Hatliff,rhatlifff1@bluehost.com,Male,168.35.226.30
543,Symon,Aizikowitz,saizikowitzf2@un.org,Agender,244.137.198.116
544,Munmro,Trudgion,mtrudgionf3@bloglovin.com,Male,182.247.33.189
545,Dodi,Comelini,dcomelinif4@sbwire.com,Female,38.97.45.18
546,Pen,Kernell,pkernellf5@pbs.org,Female,174.187.186.237
547,Dory,Wickson,dwicksonf6@comcast.net,Male,47.22.194.4
548,Gabbi,Buer,gbuerf7@sun.com,Female,244.241.185.234
549,May,Vevers,mveversf8@ucsd.edu,Female,206.33.136.93
550,Libbie,O'Hallagan,lohallaganf9@gizmodo.com,Female,167.204.255.230
551,Ripley,Tapsell,rtapsellfa@skyrock.com,Male,14.83.51.108
552,Martin,McNirlan,mmcnirlanfb@dropbox.com,Male,214.213.43.221
553,Manfred,Bayford,mbayfordfc@nytimes.com,Male,60.18.158.178
554,Alejandro,MacDonagh,amacdonaghfd@princeton.edu,Male,26.239.147.126
555,Jone,Daveley,jdaveleyfe@phoca.cz,Male,57.219.243.207
556,Rasia,Hubball,rhubballff@youtu.be,Female,58.126.113.187
557,Adiana,Foottit,afoottitfg@yellowpages.com,Female,44.68.86.113
558,Corina,Sprull,csprullfh@feedburner.com,Female,17.110.162.5
559,Berky,Brimman,bbrimmanfi@psu.edu,Male,11.173.31.100
560,Ettie,Christofle,echristoflefj@constantcontact.com,Female,22.79.64.116
561,Pandora,Cicco,pciccofk@sphinn.com,Female,56.112.129.226
562,Clive,Sorby,csorbyfl@ed.gov,Male,149.220.38.137
563,Gaspard,McDunlevy,gmcdunlevyfm@over-blog.com,Male,35.168.48.237
564,Jonas,Gable,jgablefn@domainmarket.com,Male,169.100.112.1
565,Babita,Langcastle,blangcastlefo@ezinearticles.com,Female,237.107.191.37
566,Gregorius,Vazquez,gvazquezfp@tripod.com,Male,100.230.80.70
567,Rudy,McPeeters,rmcpeetersfq@bbc.co.uk,Male,221.195.102.136
568,Aubert,Bentzen,abentzenfr@loc.gov,Male,111.234.251.123
569,Betti,Sketcher,bsketcherfs@deliciousdays.com,Female,94.58.131.46
570,Leisha,Capes,lcapesft@mozilla.com,Female,1.250.15.88
571,Coralyn,Beddows,cbeddowsfu@irs.gov,Female,89.126.251.154
572,Fancie,Gould,fgouldfv@google.com.au,Female,141.162.84.70
573,Krystalle,Cavee,kcaveefw@drupal.org,Female,39.150.21.221
574,Marabel,MacFarlan,mmacfarlanfx@adobe.com,Female,220.84.199.211
575,Reina,Lavarack,rlavarackfy@cisco.com,Female,107.123.181.77
576,Josi,Raye,jrayefz@eepurl.com,Female,217.145.94.33
577,Kimberly,Weatherell,kweatherellg0@studiopress.com,Female,190.46.16.161
578,Shanan,Donovin,sdonoving1@theatlantic.com,Male,109.45.157.144
579,Birk,Gladman,bgladmang2@google.co.uk,Male,87.119.126.183
580,Ichabod,Mohamed,imohamedg3@networksolutions.com,Male,161.137.71.183
581,Toni,Jehaes,tjehaesg4@prnewswire.com,Female,199.232.242.156
582,Sandro,Klousner,sklousnerg5@creativecommons.org,Male,125.77.213.145
583,Kennith,Glanders,kglandersg6@mozilla.org,Male,252.214.163.120
584,Silvio,Woodrow,swoodrowg7@nationalgeographic.com,Male,118.53.30.171
585,Cissiee,Follis,cfollisg8@newsvine.com,Female,172.92.149.28
586,Haslett,Durrant,hdurrantg9@accuweather.com,Male,163.238.50.119
587,Sylvester,Dilkes,sdilkesga@studiopress.com,Male,249.50.105.134
588,Hadley,MacGoun,hmacgoungb@stumbleupon.com,Male,4.6.126.173
589,Farlay,Tomasi,ftomasigc@barnesandnoble.com,Non-binary,10.128.76.177
590,Joya,Ellse,jellsegd@e-recht24.de,Female,66.226.55.179
591,Georgena,Nare,gnarege@wikia.com,Female,105.207.6.232
592,Rollin,Seagood,rseagoodgf@toplist.cz,Male,68.116.161.17
593,Glennie,Gilleson,ggillesongg@statcounter.com,Bigender,210.68.24.142
594,Benton,Pestridge,bpestridgegh@howstuffworks.com,Male,209.90.45.255
595,Rickie,Petkens,rpetkensgi@disqus.com,Genderqueer,68.223.191.59
596,Jordain,Stigers,jstigersgj@marketwatch.com,Female,228.167.163.2
597,Burl,Dilloway,bdillowaygk@domainmarket.com,Polygender,132.64.114.144
598,Theodore,Yellep,tyellepgl@dropbox.com,Male,9.186.40.17
599,Rhianna,Geekie,rgeekiegm@amazon.co.jp,Female,91.76.36.239
600,Timothea,Emson,temsongn@mayoclinic.com,Female,114.130.232.89
601,Alvera,Rickert,arickertgo@examiner.com,Female,117.122.158.217
602,Merola,Skirrow,mskirrowgp@umn.edu,Female,63.120.160.105
603,Adorne,Mendus,amendusgq@whitehouse.gov,Agender,253.57.150.159
604,Joane,Beadham,jbeadhamgr@gizmodo.com,Female,131.79.204.14
605,Ikey,Klus,iklusgs@loc.gov,Male,163.179.233.130
606,Arvy,Cosson,acossongt@elegantthemes.com,Male,145.75.96.122
607,Klemens,Legging,klegginggu@samsung.com,Male,77.197.245.33
608,Daffi,Mulvin,dmulvingv@usnews.com,Female,155.46.90.207
609,Ruthi,Paolucci,rpaoluccigw@parallels.com,Female,134.241.120.248
610,Jard,Vasyutichev,jvasyutichevgx@cyberchimps.com,Male,80.54.200.156
611,Tuck,Cyseley,tcyseleygy@google.pl,Male,74.174.29.198
612,Albrecht,Allnutt,aallnuttgz@networksolutions.com,Male,155.120.31.50
613,Ina,Limeburner,ilimeburnerh0@indiegogo.com,Female,65.124.18.221
614,Raddy,Poor,rpoorh1@fastcompany.com,Male,124.49.183.4
615,Kimmy,Pointin,kpointinh2@yelp.com,Female,233.178.176.230
616,Chuck,Daymond,cdaymondh3@bbc.co.uk,Male,115.209.27.194
617,Tyrone,McCadden,tmccaddenh4@biblegateway.com,Male,229.215.31.237
618,Tressa,Woodes,twoodesh5@free.fr,Female,168.211.206.254
619,Caryn,Heimes,cheimesh6@wikimedia.org,Female,148.87.204.166
620,Tripp,Aloshikin,taloshikinh7@joomla.org,Male,242.7.64.230
621,Harmony,Hambidge,hhambidgeh8@google.de,Female,90.240.117.127
622,Lemmie,Basford,lbasfordh9@ucsd.edu,Male,139.68.73.218
623,Gasper,McInility,gmcinilityha@topsy.com,Male,161.87.206.34
624,Livvie,Fulloway,lfullowayhb@livejournal.com,Female,55.185.7.2
625,Nathan,Drescher,ndrescherhc@constantcontact.com,Male,234.248.63.174
626,Heath,Ormistone,hormistonehd@rediff.com,Female,67.160.248.54
627,Olive,Egarr,oegarrhe@hibu.com,Female,27.102.219.68
628,Brewer,Walewski,bwalewskihf@omniture.com,Male,251.114.225.112
629,Si,Abrahmson,sabrahmsonhg@cdbaby.com,Male,90.251.129.45
630,Paxon,Halse,phalsehh@tumblr.com,Male,59.39.147.76
631,Freeman,Bartley,fbartleyhi@umn.edu,Male,146.155.155.129
632,Mickey,Impett,mimpetthj@sourceforge.net,Male,175.110.205.177
633,Dorthea,Croix,dcroixhk@google.cn,Female,46.168.159.127
634,Elisa,Lambal,elambalhl@un.org,Female,162.214.150.222
635,Alix,Rhymes,arhymeshm@i2i.jp,Female,187.120.198.41
636,Loni,Olennikov,lolennikovhn@ibm.com,Female,235.221.231.242
637,Thomasine,Wince,twinceho@csmonitor.com,Female,49.23.54.87
638,Damien,Poppy,dpoppyhp@jalbum.net,Male,155.88.99.19
639,Aubrie,Bartczak,abartczakhq@usda.gov,Female,129.145.167.61
640,Ev,Ackerley,eackerleyhr@cbsnews.com,Male,222.209.93.229
641,Edan,Philipsson,ephilipssonhs@ibm.com,Male,203.194.202.124
642,Anabella,Treend,atreendht@ted.com,Female,134.86.245.110
643,Janka,Romero,jromerohu@geocities.jp,Female,98.151.183.238
644,Robinette,Pimbley,rpimbleyhv@constantcontact.com,Female,169.139.151.247
645,Mercie,Ambroziak,mambroziakhw@cdbaby.com,Female,223.179.240.9
646,Desdemona,Meeson,dmeesonhx@sina.com.cn,Female,238.66.178.209
647,Evelina,Hanmer,ehanmerhy@nytimes.com,Female,222.7.221.242
648,Yelena,Bubeer,ybubeerhz@twitpic.com,Genderfluid,136.27.40.48
649,Alexandro,Dairton,adairtoni0@ca.gov,Male,197.161.109.229
650,Emily,Sings,esingsi1@cdc.gov,Female,33.253.209.81
651,Guglielmo,Iacomini,giacominii2@apache.org,Male,21.243.23.111
652,Jacenta,Hammerman,jhammermani3@sphinn.com,Female,180.34.209.113
653,Elwin,Sommerling,esommerlingi4@nifty.com,Male,65.28.54.103
654,Sheryl,Rilings,srilingsi5@cbc.ca,Female,60.229.180.243
655,Allard,Grigg,agriggi6@homestead.com,Male,5.174.18.125
656,Jessica,Bruff,jbruffi7@nifty.com,Female,115.70.36.78
657,Shannon,Woodcroft,swoodcrofti8@cdc.gov,Male,122.31.96.202
658,Deane,Hinkley,dhinkleyi9@gmpg.org,Male,193.181.21.148
659,Waly,Sworder,wsworderia@cnet.com,Female,184.108.119.192
660,Salomone,Sire,ssireib@rediff.com,Male,192.247.105.50
661,Tabitha,Entreis,tentreisic@virginia.edu,Female,186.113.170.44
662,Sandy,Auchterlony,sauchterlonyid@is.gd,Female,117.40.148.24
663,Roseline,Heckney,rheckneyie@tamu.edu,Female,139.53.239.80
664,Robinia,Melpuss,rmelpussif@wikia.com,Female,39.29.231.176
665,Ephraim,Cinderey,ecindereyig@prlog.org,Male,16.244.240.180
666,Lammond,Boustred,lboustredih@cisco.com,Male,246.23.70.33
667,Robinet,Mowle,rmowleii@ihg.com,Non-binary,173.134.200.24
668,Aimil,Westcar,awestcarij@dion.ne.jp,Genderqueer,173.7.30.25
669,Jan,Kowalik,jkowalikik@rediff.com,Female,124.175.119.216
670,Lindy,Bottoms,lbottomsil@geocities.com,Female,227.37.252.100
671,Alfi,Hartley,ahartleyim@tmall.com,Female,40.119.242.216
672,Ema,Haxbie,ehaxbiein@nationalgeographic.com,Female,12.209.37.241
673,Grove,Barnshaw,gbarnshawio@free.fr,Male,215.81.206.194
674,Kayle,Pankettman,kpankettmanip@sakura.ne.jp,Female,165.253.199.86
675,Crista,Stollwerk,cstollwerkiq@unesco.org,Female,236.123.7.98
676,Estella,Barendtsen,ebarendtsenir@icq.com,Female,28.9.132.61
677,Melinda,Tansey,mtanseyis@xrea.com,Female,120.6.177.233
678,Ulick,Pickworth,upickworthit@google.ru,Male,243.166.221.138
679,Rozalin,Slot,rslotiu@dagondesign.com,Female,78.30.222.20
680,Waverly,Gofton,wgoftoniv@barnesandnoble.com,Bigender,95.105.237.150
681,Lonna,Hayley,lhayleyiw@unesco.org,Female,146.84.182.39
682,Bianca,Bleue,bbleueix@zimbio.com,Female,174.155.239.138
683,Philip,Clibbery,pclibberyiy@howstuffworks.com,Male,138.68.236.59
684,Obediah,Piddle,opiddleiz@apple.com,Male,153.17.227.252
685,Rodina,Houldey,rhouldeyj0@live.com,Female,43.13.203.167
686,Karolina,Du Pre,kduprej1@addtoany.com,Female,200.132.82.240
687,Meris,Oswal,moswalj2@bigcartel.com,Female,250.91.175.241
688,Stephine,Trahearn,strahearnj3@youtu.be,Female,94.149.133.232
689,Jeanine,O'Heaney,joheaneyj4@addthis.com,Female,163.46.60.78
690,Cleon,Jacquemet,cjacquemetj5@clickbank.net,Male,180.47.171.22
691,Kirsteni,Jewel,kjewelj6@people.com.cn,Female,172.142.252.238
692,Dewitt,Linklater,dlinklaterj7@ovh.net,Male,225.158.209.251
693,Reeva,Lukehurst,rlukehurstj8@a8.net,Female,168.85.80.235
694,Sterling,McEnery,smceneryj9@diigo.com,Male,202.202.217.53
695,Ky,Barnewell,kbarnewellja@tinypic.com,Male,159.193.167.182
696,Carol-jean,Thody,cthodyjb@clickbank.net,Female,139.42.180.231
697,Ambrosi,Wetherell,awetherelljc@dedecms.com,Male,27.7.96.114
698,Natala,Bendle,nbendlejd@wiley.com,Female,91.109.129.19
699,Sharon,Gogie,sgogieje@dion.ne.jp,Agender,97.142.59.217
700,Doralin,Spondley,dspondleyjf@youtu.be,Female,230.46.209.139
701,Philomena,Epilet,pepiletjg@google.pl,Polygender,214.215.202.131
702,Buddy,Yoskowitz,byoskowitzjh@bigcartel.com,Male,181.55.79.244
703,Noach,Adshed,nadshedji@china.com.cn,Agender,28.45.111.228
704,Puff,Daulby,pdaulbyjj@irs.gov,Male,120.25.0.4
705,Web,Morais,wmoraisjk@cpanel.net,Male,83.130.92.117
706,Alfons,Blezard,ablezardjl@ox.ac.uk,Male,193.63.217.63
707,Elston,Fannin,efanninjm@google.pl,Male,20.130.182.177
708,Kevin,Devitt,kdevittjn@adobe.com,Male,149.80.186.246
709,Gabi,Booley,gbooleyjo@dailymail.co.uk,Male,161.162.58.102
710,Barney,Perceval,bpercevaljp@apple.com,Male,161.213.249.183
711,Leilah,Abramsky,labramskyjq@youtube.com,Female,152.181.7.232
712,Link,Teaser,lteaserjr@google.de,Male,215.41.209.215
713,Berta,Luna,blunajs@opensource.org,Bigender,89.128.200.195
714,Shell,Leigh,sleighjt@cbc.ca,Genderfluid,133.197.242.207
715,Amble,Morcom,amorcomju@simplemachines.org,Male,235.87.147.87
716,Roselle,Jantet,rjantetjv@shutterfly.com,Female,193.243.210.213
717,Emilie,Mochan,emochanjw@forbes.com,Female,63.92.179.42
718,Hersch,Phoenix,hphoenixjx@yellowpages.com,Male,45.108.189.16
719,Mel,Clericoates,mclericoatesjy@liveinternet.ru,Female,239.16.193.32
720,Silvanus,Kubatsch,skubatschjz@meetup.com,Male,144.155.137.2
721,Patrizius,Stigers,pstigersk0@ebay.com,Male,118.92.149.201
722,Graham,Haquard,ghaquardk1@blog.com,Male,172.115.52.197
723,Lilyan,Wenman,lwenmank2@unicef.org,Female,24.115.225.100
724,Franciskus,Cradock,fcradockk3@dedecms.com,Male,183.32.151.22
725,Aguie,Watters,awattersk4@theguardian.com,Male,138.91.187.245
726,Gonzales,Clewlow,gclewlowk5@netscape.com,Male,149.244.237.176
727,Sharona,Dickons,sdickonsk6@bbc.co.uk,Female,120.210.131.220
728,Ernaline,Hache,ehachek7@guardian.co.uk,Female,223.196.228.64
729,Ilka,Faber,ifaberk8@addtoany.com,Female,168.86.53.100
730,Obie,Kroin,okroink9@i2i.jp,Agender,95.247.102.180
731,Burton,Kwietek,bkwietekka@youtu.be,Male,50.49.99.201
732,Claudianus,Peaddie,cpeaddiekb@oracle.com,Non-binary,41.172.29.225
733,Aura,Shardlow,ashardlowkc@blogtalkradio.com,Female,192.52.52.63
734,Natalie,O'Dee,nodeekd@goo.ne.jp,Female,199.32.62.122
735,Beaufort,Luckman,bluckmanke@walmart.com,Male,128.83.185.102
736,Lanni,Coyish,lcoyishkf@fc2.com,Female,143.27.136.245
737,Lethia,Callender,lcallenderkg@mayoclinic.com,Genderqueer,148.89.186.125
738,Leah,Tock,ltockkh@clickbank.net,Female,36.237.80.212
739,Nadeen,Kilbee,nkilbeeki@mashable.com,Polygender,81.132.171.120
740,Chandra,Lawford,clawfordkj@wikia.com,Female,123.89.19.214
741,Jarrid,Rubberts,jrubbertskk@usa.gov,Male,234.77.177.100
742,Allix,Tickle,aticklekl@furl.net,Female,183.150.51.152
743,Dorolisa,Lude,dludekm@so-net.ne.jp,Female,202.132.119.234
744,Sonja,Dutt,sduttkn@canalblog.com,Female,121.153.221.255
745,Richard,Crusham,rcrushamko@theguardian.com,Male,47.29.12.147
746,Cayla,Sheahan,csheahankp@usatoday.com,Female,71.164.3.171
747,Christoforo,Laurie,clauriekq@cam.ac.uk,Male,215.33.1.251
748,Archambault,Linebarger,alinebargerkr@amazon.com,Male,228.239.112.7
749,Svend,Surmeir,ssurmeirks@youtu.be,Male,66.59.251.203
750,Duff,McGilleghole,dmcgillegholekt@printfriendly.com,Male,120.176.48.26
751,Beverlie,Burston,bburstonku@nyu.edu,Female,34.56.227.92
752,Desmond,Scutt,dscuttkv@sphinn.com,Genderqueer,0.83.70.230
753,Cynde,Swatten,cswattenkw@timesonline.co.uk,Female,28.118.140.207
754,Jae,Phlipon,jphliponkx@dmoz.org,Male,14.249.195.248
755,Susanne,Cogdell,scogdellky@chron.com,Female,239.15.198.104
756,Reginald,Grimmert,rgrimmertkz@statcounter.com,Male,183.146.79.55
757,Emyle,Janicek,ejanicekl0@wikipedia.org,Female,107.162.27.114
758,Gloria,Elcoux,gelcouxl1@facebook.com,Female,126.210.151.232
759,Zena,Piggins,zpigginsl2@goodreads.com,Female,119.60.159.110
760,Guillemette,Drinkale,gdrinkalel3@constantcontact.com,Female,165.103.157.12
761,Debora,Plumm,dplumml4@bing.com,Female,110.133.83.79
762,Allistir,Eteen,aeteenl5@instagram.com,Male,221.8.253.240
763,Elianore,Navein,enaveinl6@ox.ac.uk,Female,165.194.122.51
764,Ky,Klaves,kklavesl7@hp.com,Male,57.96.112.155
765,Ofilia,Brayshay,obrayshayl8@over-blog.com,Female,194.31.134.128
766,Waldo,Cridge,wcridgel9@newsvine.com,Male,3.59.162.200
767,Rene,Lanfere,rlanferela@digg.com,Male,195.66.244.46
768,Gustavo,Philipsen,gphilipsenlb@squarespace.com,Male,151.51.54.226
769,Sosanna,Dorset,sdorsetlc@economist.com,Female,58.234.107.3
770,Chris,Stoeck,cstoeckld@sciencedirect.com,Male,157.222.74.143
771,Grata,Dews,gdewsle@reuters.com,Female,157.174.255.53
772,Beverie,Paoletto,bpaolettolf@ebay.com,Female,86.46.165.170
773,Stillmann,Gason,sgasonlg@networksolutions.com,Male,99.241.173.153
774,Buck,Robertis,brobertislh@howstuffworks.com,Male,131.113.45.36
775,Lilllie,Le Breton De La Vieuville,llebretondelavieuvilleli@yahoo.co.jp,Female,25.97.42.244
776,Micki,Dorwood,mdorwoodlj@bizjournals.com,Female,101.16.240.37
777,Augy,Stammers,astammerslk@sphinn.com,Male,155.63.53.36
778,Whitney,Mordacai,wmordacaill@seattletimes.com,Female,243.6.106.60
779,Katalin,Goodrick,kgoodricklm@paginegialle.it,Female,0.78.163.160
780,Dorothee,Boichat,dboichatln@posterous.com,Female,159.222.34.118
781,Emogene,Pawnsford,epawnsfordlo@newyorker.com,Female,110.170.216.198
782,Flynn,Shawley,fshawleylp@abc.net.au,Male,10.85.144.6
783,Freda,Readhead,freadheadlq@alibaba.com,Female,96.244.215.162
784,Devlen,Hannaby,dhannabylr@amazonaws.com,Male,150.140.145.197
785,Eugenius,Pietersma,epietersmals@elegantthemes.com,Male,72.113.59.237
786,Zane,Antos,zantoslt@slashdot.org,Male,230.13.30.228
787,Roselin,Cottu,rcottulu@ning.com,Female,233.95.31.61
788,Kimbra,Arnowicz,karnowiczlv@theatlantic.com,Female,162.236.68.12
789,Dehlia,Redwing,dredwinglw@icio.us,Female,47.53.167.193
790,Drusilla,Yelland,dyellandlx@hexun.com,Female,16.139.140.61
791,Laurent,Scotchforth,lscotchforthly@accuweather.com,Male,102.14.17.244
792,Josiah,Kydd,jkyddlz@wikispaces.com,Male,92.185.133.207
793,Mayne,Kirtland,mkirtlandm0@ocn.ne.jp,Male,237.55.60.110
794,Jack,Mauchline,jmauchlinem1@icio.us,Bigender,63.43.58.149
795,Engracia,Rosten,erostenm2@dailymail.co.uk,Female,254.60.172.109
796,Conway,How,chowm3@mit.edu,Male,8.155.13.190
797,Kira,Foynes,kfoynesm4@netvibes.com,Female,113.42.189.47
798,Nickie,Duckerin,nduckerinm5@soundcloud.com,Bigender,187.108.113.207
799,Loree,Balaam,lbalaamm6@earthlink.net,Female,252.142.0.218
800,Minerva,Coite,mcoitem7@addthis.com,Female,168.77.241.223
801,Nicolais,Grigoriev,ngrigorievm8@rambler.ru,Male,150.197.22.73
802,Skipper,Towle,stowlem9@ebay.co.uk,Non-binary,177.197.178.53
803,Marj,Greatreax,mgreatreaxma@ow.ly,Genderfluid,249.218.158.7
804,Katrinka,Blakeborough,kblakeboroughmb@hibu.com,Female,233.85.168.109
805,Rafaello,Skipping,rskippingmc@bloglovin.com,Male,83.213.46.127
806,Wittie,Harbord,wharbordmd@sitemeter.com,Male,74.88.232.34
807,Richie,Dorsett,rdorsettme@elpais.com,Male,177.92.111.43
808,Ruben,Dunkerley,rdunkerleymf@about.com,Male,225.36.255.202
809,Darb,Moston,dmostonmg@hubpages.com,Female,119.178.114.1
810,Abran,Cane,acanemh@forbes.com,Male,179.79.10.93
811,Robinson,Creevy,rcreevymi@house.gov,Male,46.191.126.197
812,Nanci,Spear,nspearmj@printfriendly.com,Female,39.90.171.53
813,Tomlin,Corhard,tcorhardmk@dell.com,Male,104.22.175.88
814,Sidney,Birts,sbirtsml@shutterfly.com,Male,221.206.197.71
815,Frederigo,Rakes,frakesmm@engadget.com,Male,231.145.9.8
816,Rois,MacGettigen,rmacgettigenmn@nifty.com,Female,18.115.251.93
817,Alisander,Greenhall,agreenhallmo@drupal.org,Male,178.17.33.210
818,Valentia,Tysack,vtysackmp@abc.net.au,Female,117.241.171.3
819,Cornie,Rysdale,crysdalemq@yahoo.co.jp,Bigender,34.28.237.43
820,Bale,Dallimore,bdallimoremr@webmd.com,Male,180.92.238.219
821,Florentia,Borham,fborhamms@linkedin.com,Female,174.24.205.73
822,Pietrek,Swateridge,pswateridgemt@51.la,Male,135.9.205.154
823,Karina,Pockey,kpockeymu@arizona.edu,Female,183.47.154.155
824,Mendy,Nesbit,mnesbitmv@deliciousdays.com,Male,6.216.144.132
825,Bettine,Lothean,blotheanmw@themeforest.net,Bigender,230.88.80.163
826,Aliza,Spirit,aspiritmx@telegraph.co.uk,Female,114.96.177.119
827,Donal,Milhench,dmilhenchmy@devhub.com,Male,128.238.13.2
828,Davis,Ralph,dralphmz@biblegateway.com,Male,129.81.193.122
829,Bowie,Clemow,bclemown0@forbes.com,Male,238.135.179.73
830,Michaela,Cray,mcrayn1@spiegel.de,Female,199.53.186.41
831,Jeanie,Hatley,jhatleyn2@tumblr.com,Female,121.187.223.84
832,Glenine,Kleinstein,gkleinsteinn3@theatlantic.com,Female,101.11.124.121
833,Marsha,Crumpe,mcrumpen4@marketwatch.com,Female,115.187.19.194
834,Hailee,Heibel,hheibeln5@sina.com.cn,Non-binary,85.162.231.143
835,Berri,Derrington,bderringtonn6@craigslist.org,Bigender,151.18.247.63
836,Aloin,Surpliss,asurplissn7@yellowbook.com,Male,62.29.153.33
837,Babara,Dobbins,bdobbinsn8@gizmodo.com,Female,2.173.178.224
838,Luz,Keyworth,lkeyworthn9@comsenz.com,Female,136.191.53.243
839,Bambi,Seamons,bseamonsna@tumblr.com,Non-binary,113.168.71.14
840,Arvy,Arckoll,aarckollnb@woothemes.com,Male,113.131.255.49
841,Elizabeth,Quoit,equoitnc@va.gov,Female,84.222.79.199
842,Isiahi,Brunelleschi,ibrunelleschind@fc2.com,Male,239.152.24.15
843,Sinclare,Treleaven,streleavenne@loc.gov,Male,153.65.73.141
844,Janeta,Arlt,jarltnf@privacy.gov.au,Female,130.238.192.34
845,Chaddy,Lorenzini,clorenzining@ihg.com,Male,153.212.96.142
846,Dorthea,Pentony,dpentonynh@comcast.net,Female,123.99.1.75
847,Wilona,Andrejs,wandrejsni@angelfire.com,Female,78.163.114.101
848,Heindrick,O'Hengerty,hohengertynj@1und1.de,Male,181.172.167.54
849,Venus,Roseveare,vrosevearenk@ucsd.edu,Female,104.127.158.35
850,Grace,Twyford,gtwyfordnl@narod.ru,Female,89.80.241.99
851,Cairistiona,Goldster,cgoldsternm@google.ru,Female,217.53.2.146
852,Lela,Bennison,lbennisonnn@unesco.org,Female,175.20.30.142
853,Milissent,McWilliam,mmcwilliamno@histats.com,Female,116.168.126.178
854,Orelee,Endrici,oendricinp@simplemachines.org,Female,225.198.239.96
855,Katharyn,Symper,ksympernq@google.fr,Female,111.193.209.178
856,Tore,Cribbins,tcribbinsnr@etsy.com,Male,247.55.79.181
857,Donall,Croneen,dcroneenns@devhub.com,Male,105.191.250.237
858,Marwin,Yearns,myearnsnt@jugem.jp,Male,55.181.16.61
859,Belicia,Mingo,bmingonu@list-manage.com,Female,7.12.179.60
860,Bianka,Godridge,bgodridgenv@g.co,Female,221.235.235.133
861,Wake,Snellman,wsnellmannw@creativecommons.org,Male,254.28.222.21
862,Erhard,Dagon,edagonnx@auda.org.au,Male,23.254.13.72
863,Terza,Bartrap,tbartrapny@hugedomains.com,Female,254.236.143.250
864,Codi,Ferrie,cferrienz@biglobe.ne.jp,Female,80.168.31.156
865,Orsola,Ashtonhurst,oashtonhursto0@delicious.com,Female,208.192.106.126
866,Leandra,Leckenby,lleckenbyo1@hugedomains.com,Female,129.70.65.10
867,Barnie,Lind,blindo2@uol.com.br,Male,133.102.216.1
868,Marshall,Barbrook,mbarbrooko3@dell.com,Male,0.19.131.147
869,Jacques,Toderini,jtoderinio4@last.fm,Male,144.199.190.80
870,Devland,Chessill,dchessillo5@aol.com,Agender,64.146.45.65
871,Greer,Blemings,gblemingso6@howstuffworks.com,Female,161.32.146.127
872,Dunn,Clowsley,dclowsleyo7@google.ru,Male,7.100.92.135
873,Tabbie,Stonehouse,tstonehouseo8@dagondesign.com,Agender,145.103.228.75
874,Daron,Hendrich,dhendricho9@drupal.org,Male,157.142.22.174
875,Mord,Fedorski,mfedorskioa@webeden.co.uk,Male,75.255.68.85
876,Elie,MacAulay,emacaulayob@wired.com,Female,93.25.147.27
877,Zacherie,Traill,ztrailloc@jimdo.com,Male,195.79.112.39
878,Lenette,Lindenbaum,llindenbaumod@google.it,Female,146.140.1.237
879,Janeta,Muffin,jmuffinoe@elegantthemes.com,Female,187.137.251.136
880,Ainslee,Thal,athalof@newsvine.com,Female,196.30.130.160
881,Seana,Krochmann,skrochmannog@squidoo.com,Female,147.151.171.172
882,Mady,Edmett,medmettoh@1und1.de,Genderfluid,243.228.103.154
883,Jennie,Strathearn,jstrathearnoi@cpanel.net,Female,109.26.193.101
884,Giovanni,Sarginson,gsarginsonoj@reverbnation.com,Male,217.86.249.41
885,Melinde,Spatig,mspatigok@aboutads.info,Female,222.201.73.41
886,Malia,Fletcher,mfletcherol@friendfeed.com,Female,223.194.62.209
887,Beverie,Bramhill,bbramhillom@over-blog.com,Female,104.1.198.205
888,Roanne,Brodeau,rbrodeauon@wp.com,Genderfluid,1.241.204.212
889,Yvon,Terrell,yterrelloo@sphinn.com,Male,39.81.179.157
890,Fabian,Frostick,ffrostickop@google.cn,Male,152.136.96.168
891,Johannah,Dragoe,jdragoeoq@theatlantic.com,Female,143.26.88.13
892,Frants,Oseman,fosemanor@aol.com,Male,70.63.201.135
893,Delano,Navarre,dnavarreos@howstuffworks.com,Male,212.1.61.119
894,Arleta,Albone,aalboneot@blogger.com,Female,100.78.113.186
895,Grethel,Till,gtillou@home.pl,Female,11.142.88.164
896,Roseanne,Lacrouts,rlacroutsov@blogtalkradio.com,Female,118.105.196.19
897,Agna,Caldicott,acaldicottow@nih.gov,Female,228.136.128.12
898,Reagan,Swafford,rswaffordox@phpbb.com,Male,5.159.105.180
899,Zane,De Meyer,zdemeyeroy@answers.com,Agender,154.117.112.149
900,Bondy,Simco,bsimcooz@tmall.com,Male,136.44.140.110
901,Valaria,Jonk,vjonkp0@webs.com,Female,71.188.186.214
902,Nowell,Lympenie,nlympeniep1@blogspot.com,Male,183.33.143.253
903,Roseann,Wedmore,rwedmorep2@netscape.com,Female,255.163.52.93
904,Janet,Lafflina,jlafflinap3@msu.edu,Female,80.185.130.7
905,Petey,Wyke,pwykep4@usnews.com,Male,127.9.14.196
906,Neddy,Bearns,nbearnsp5@vimeo.com,Male,216.247.8.156
907,Irving,McKyrrelly,imckyrrellyp6@printfriendly.com,Genderqueer,245.107.98.160
908,Almira,Matchett,amatchettp7@loc.gov,Genderqueer,179.16.129.201
909,Bernadene,Batterton,bbattertonp8@4shared.com,Female,101.180.194.255
910,Violette,Ferrelli,vferrellip9@columbia.edu,Female,125.211.48.243
911,Olivette,O'Fallon,oofallonpa@constantcontact.com,Agender,122.233.192.145
912,Kala,Jex,kjexpb@godaddy.com,Female,19.189.155.24
913,Ariel,Veivers,aveiverspc@yelp.com,Male,81.19.224.44
914,Chiarra,Bothram,cbothrampd@weebly.com,Female,255.240.89.167
915,Brenn,Lacoste,blacostepe@huffingtonpost.com,Polygender,186.81.211.111
916,Erich,Binks,ebinkspf@alibaba.com,Male,219.228.239.183
917,Ralina,Stollhofer,rstollhoferpg@gmpg.org,Bigender,46.3.132.137
918,Delora,Goldsack,dgoldsackph@xrea.com,Female,68.241.65.145
919,Anne-corinne,Jurgensen,ajurgensenpi@list-manage.com,Female,249.87.120.170
920,Kent,Oglevie,kogleviepj@4shared.com,Genderfluid,84.96.148.252
921,Marylynne,Hammer,mhammerpk@disqus.com,Female,173.54.83.96
922,Wang,Franzolini,wfranzolinipl@about.me,Male,85.196.228.246
923,Flemming,Offill,foffillpm@quantcast.com,Male,250.252.59.51
924,Chrissy,Benford,cbenfordpn@cdc.gov,Male,164.163.185.104
925,Belva,Etter,betterpo@cloudflare.com,Female,163.118.167.71
926,Nathalia,Ledster,nledsterpp@miitbeian.gov.cn,Female,223.124.14.189
927,Urbano,Sharnock,usharnockpq@google.ca,Male,203.224.18.65
928,Corabelle,Whitby,cwhitbypr@mit.edu,Polygender,111.179.73.103
929,Clementius,Seyffert,cseyffertps@craigslist.org,Male,148.243.50.180
930,Geralda,Fulger,gfulgerpt@skype.com,Female,173.9.167.222
931,Marni,Adolf,madolfpu@sakura.ne.jp,Female,243.111.241.155
932,Man,Grinsdale,mgrinsdalepv@barnesandnoble.com,Male,62.13.138.9
933,Biron,Mathison,bmathisonpw@com.com,Male,155.226.247.167
934,Drucy,Matskevich,dmatskevichpx@buzzfeed.com,Female,28.7.184.62
935,Jaynell,Loftie,jloftiepy@sitemeter.com,Female,26.20.95.170
936,Ximenes,Waliszewski,xwaliszewskipz@europa.eu,Male,66.62.108.77
937,Frasquito,Matthews,fmatthewsq0@chron.com,Male,192.124.195.217
938,Beatrice,Kelso,bkelsoq1@plala.or.jp,Female,155.10.175.159
939,Margo,Keeves,mkeevesq2@a8.net,Female,136.144.30.169
940,Iorgo,Simons,isimonsq3@flickr.com,Male,126.199.239.63
941,Emmey,Heinrich,eheinrichq4@bbb.org,Female,154.229.65.83
942,Lula,Nattrass,lnattrassq5@sohu.com,Female,233.189.54.193
943,Phelia,Wolfendale,pwolfendaleq6@archive.org,Female,255.248.112.98
944,Ruggiero,Macellar,rmacellarq7@uiuc.edu,Male,192.186.164.121
945,Natale,Vondrasek,nvondrasekq8@biblegateway.com,Male,190.49.236.9
946,Onida,Almak,oalmakq9@google.it,Female,83.170.188.217
947,Chrysler,Glauber,cglauberqa@studiopress.com,Female,231.47.130.198
948,Marlane,Alam,malamqb@list-manage.com,Female,113.100.51.215
949,Bianka,Iglesia,biglesiaqc@tumblr.com,Female,11.189.104.244
950,Woodman,Milam,wmilamqd@si.edu,Male,207.19.180.23
951,Bartie,Sudell,bsudellqe@feedburner.com,Male,146.130.182.0
952,David,O'Hone,dohoneqf@google.es,Male,104.114.246.1
953,Katey,Cromleholme,kcromleholmeqg@businessinsider.com,Female,249.40.231.220
954,Dori,Shiell,dshiellqh@amazon.co.uk,Female,72.105.67.102
955,Kylynn,Pomeroy,kpomeroyqi@sina.com.cn,Female,172.46.147.120
956,Sean,Demcak,sdemcakqj@scribd.com,Female,10.106.45.137
957,Belinda,Arnall,barnallqk@cbsnews.com,Female,61.69.164.181
958,Jonathan,Brabbins,jbrabbinsql@discuz.net,Agender,113.127.10.144
959,Ludvig,Piatek,lpiatekqm@nationalgeographic.com,Male,243.26.183.241
960,Tommie,Meriet,tmerietqn@wix.com,Polygender,49.183.240.229
961,Tad,Bernollet,tbernolletqo@ebay.com,Male,15.240.219.229
962,Rowena,Gavriel,rgavrielqp@bigcartel.com,Female,138.204.214.201
963,Amandy,Bentke,abentkeqq@rakuten.co.jp,Female,62.135.24.142
964,Tab,Elderfield,telderfieldqr@sphinn.com,Male,245.99.72.232
965,Aura,Pehrsson,apehrssonqs@icio.us,Female,160.32.186.138
966,Clarke,Folks,cfolksqt@hugedomains.com,Male,228.242.47.98
967,Thibaud,Halleybone,thalleybonequ@dell.com,Male,214.121.106.100
968,Giavani,Brimming,gbrimmingqv@sbwire.com,Male,186.106.183.241
969,Barri,Weale,bwealeqw@nifty.com,Male,151.152.142.65
970,Aubree,Etuck,aetuckqx@unesco.org,Female,50.139.144.250
971,Wheeler,Coast,wcoastqy@irs.gov,Male,160.174.83.142
972,Kristos,Moncreif,kmoncreifqz@noaa.gov,Male,107.255.7.30
973,Pearla,Bodechon,pbodechonr0@amazon.de,Female,46.136.218.4
974,Antone,Fearnill,afearnillr1@discuz.net,Male,225.22.131.72
975,Dniren,Pahlsson,dpahlssonr2@ted.com,Female,110.239.127.48
976,Ralina,Gallant,rgallantr3@de.vu,Genderqueer,56.131.51.33
977,Mariya,Meiklem,mmeiklemr4@plala.or.jp,Female,225.28.224.157
978,Zacharie,Cutteridge,zcutteridger5@sakura.ne.jp,Male,138.74.50.205
979,Trey,Nanuccioi,tnanuccioir6@netscape.com,Male,37.114.133.59
980,Ewan,Duffan,eduffanr7@salon.com,Male,40.199.60.4
981,Tyrone,Gley,tgleyr8@behance.net,Male,229.219.180.177
982,Sollie,Braybrookes,sbraybrookesr9@jalbum.net,Male,87.213.29.44
983,Byron,Bawcock,bbawcockra@a8.net,Male,130.121.113.216
984,Lianna,Pendrey,lpendreyrb@yelp.com,Female,27.220.13.55
985,Alan,Sapwell,asapwellrc@cloudflare.com,Male,152.36.5.62
986,Dewie,Viggars,dviggarsrd@g.co,Male,194.115.238.3
987,Mikol,Tailby,mtailbyre@google.co.uk,Polygender,60.119.192.152
988,Adriena,Urlich,aurlichrf@marriott.com,Female,69.235.5.142
989,Gena,Aronov,garonovrg@example.com,Female,245.191.226.222
990,Modesty,Sidebotton,msidebottonrh@pcworld.com,Female,95.63.167.226
991,Wiatt,Crumly,wcrumlyri@php.net,Male,99.34.52.22
992,Tymon,Suddards,tsuddardsrj@pen.io,Male,71.6.83.227
993,Humbert,Randals,hrandalsrk@xinhuanet.com,Male,165.28.114.97
994,Annmarie,Degenhardt,adegenhardtrl@tinypic.com,Female,197.200.214.115
995,Daveta,Boshell,dboshellrm@moonfruit.com,Female,242.23.17.41
996,Gennifer,Sheehan,gsheehanrn@topsy.com,Female,64.227.180.228
997,Evanne,Espadas,eespadasro@multiply.com,Female,16.118.10.17
998,Gregory,Thoms,gthomsrp@fema.gov,Male,26.212.54.16
999,Joella,Dirkin,jdirkinrq@geocities.jp,Bigender,166.146.189.62
1000,Merrel,Kobus,mkobusrr@go.com,Male,189.9.35.27
